{
  "mean": [
    143.12275367486274,
    83.57121747940437,
    3.609563633762953,
    -17.15418519926029,
    -13.47975944120614,
    -11.70406895646428,
    -11.020377683515145,
    -8.721395419137764,
    -7.474095970558884,
    -5.880458219389628,
    -4.662238221212876,
    -4.034293977013013,
    -3.648255548989603,
    61.76182707993475
  ],
  "std": [
    42.13676477749654,
    22.862700435366072,
    41.35792559176868,
    24.824904985866326,
    12.667890500415915,
    9.800288971340906,
    9.001514507486238,
    8.854993780937445,
    10.738236869257559,
    10.551245615230268,
    9.517323410638193,
    10.058306513327226,
    10.488809482869419,
    10.121439894947883
  ]
}