{
  "mean": [
    125.0808390849499,
    83.77425156451955,
    25.51887792980023,
    2.1791199304342563,
    -4.333263770541416,
    -7.954062745941191,
    -10.008298741045436,
    -10.510789027133578,
    -9.688022632566419,
    -8.710740203239185,
    -7.928416053980703,
    -6.7403314439603275,
    -5.492267838871746,
    60.21809090398337,
    46.84952044884448,
    11579.785913373706,
    1.5194758664127819
  ],
  "std": [
    47.567752855319455,
    21.29674363995608,
    36.60077689318057,
    29.20705261496521,
    18.203555781681747,
    13.599111498547643,
    11.320627343747306,
    9.910417564731498,
    9.479301921854656,
    9.215618089312818,
    9.38304403143543,
    9.867732478698723,
    10.078861767117983,
    8.73001353933143,
    21.520702238499396,
    4177.050789759745,
    0.6048302737049709
  ]
}