{"mean":[162.0917807502856,95.1769349953707,9.755209059810486,-8.864364084556538,-6.348625509533585,-7.4485304664768135,-8.065715586447247,-7.581469074151289,-6.6765669121689575,-6.325728121131191,-6.3201109958484425,-5.316896355912835,-3.972280232048408,59.92057092407298,58.08172371136614,11352.41023268811,1.1546607406534823],"std":[38.8500535413577,27.74419602598247,33.74906715945309,18.248090222238076,11.048351416164824,11.249798255059117,11.262300315186298,10.147770346901893,10.050014607569338,9.900817901644489,9.897941563403073,10.024104560322746,10.042203624767636,9.78244909057291,22.74437146715831,3444.450303972203,0.37331022429995714]}