{
  "mean": [
    -837.7617900529707,
    188.9779080263494,
    -30.543304987013897,
    7.49457722224325,
    -18.536743995770056,
    -20.467046140781257,
    -29.764900724556497,
    -19.010541169508034,
    -13.34788422975593,
    -9.003355961870541,
    -5.893594361153736,
    -2.6204256884706703,
    -7.93327115649043,
    60.08430510418658,
    0.051845124782575996,
    0.14811350227853656,
    653.1340356767348,
    0.230929351976639
  ],
  "std": [
    77.49009951436483,
    66.52257529922528,
    55.66365237312539,
    27.6310724180931,
    24.230324355206985,
    14.229064766683884,
    14.390949981719608,
    16.955372497804174,
    16.40511036922551,
    16.29092916287966,
    18.885551457051953,
    18.89216985115888,
    20.724551830729883,
    9.0497448657499,
    0.020421074595621445,
    0.08171939187203327,
    352.1596557957712,
    0.1151970032807144
  ]
}