{
  "mean": [
    107.49061472247038,
    71.8473109443098,
    14.546509830714012,
    -8.742061108017582,
    -9.682414063197706,
    -11.020169377694067,
    -12.604604625236002,
    -11.093985413817524,
    -8.109946225155314,
    -5.714040756350797,
    -4.954119442224273,
    -4.837568877730829,
    -3.4433845306714863,
    63.49123490455785,
    52.95424301001647,
    10587.902940205444
  ],
  "std": [
    20.038472070182504,
    19.10564662438791,
    28.486773822278046,
    19.538070388780746,
    10.076767245454539,
    9.180945541188162,
    10.16583346954265,
    9.70928736167919,
    10.210972109599554,
    10.48273721484587,
    10.164367627163202,
    9.436826867852462,
    10.323085581518816,
    9.577245318293635,
    19.03027535025087,
    4139.748677172169
  ]
}