{
  "mean": [
    103.76168818111427,
    75.66774841120383,
    25.539352521461563,
    -2.7479917768078277,
    -7.428865055974167,
    -5.319221249869742,
    -4.41883653348504,
    -5.007003486697756,
    -5.981220731094458,
    -6.672734647915426,
    -6.1739319830797,
    -4.6785554124829325,
    -3.3640767961061053,
    60.05768075305428
  ],
  "std": [
    20.627324364739437,
    23.369373451522172,
    31.835553776554775,
    23.260662994445752,
    12.134529177185613,
    8.65054483398379,
    7.6839254763554825,
    7.906595675065744,
    9.318016619977582,
    9.753828673771036,
    8.735597560133378,
    8.044301107787392,
    7.867992781632783,
    9.67221018684365
  ]
}