{
  "mean": [
    112.3513992173699,
    79.7032841991141,
    27.731569338878856,
    1.2640253157714576,
    -6.421089891304422,
    -9.622101821918525,
    -11.101127571886622,
    -10.444962447556794,
    -8.28769387665295,
    -6.261757965734281,
    -5.372623790425662,
    -4.681812063303994,
    -3.2114391440138785,
    61.751033834586465,
    45.890876571817486,
    11891.713227349946,
    1.5190220738187779
  ],
  "std": [
    35.62983952248915,
    22.660796463075332,
    27.97596970402804,
    23.838132853331892,
    16.30654482603124,
    12.672809021616079,
    11.217177883347341,
    10.204970126254306,
    9.877043373161822,
    9.530778177892607,
    9.234676730732566,
    8.908967423543597,
    10.102486947525168,
    9.969666503164255,
    18.691038959089873,
    4392.391938683351,
    0.5045716155171388
  ]
}