{
  "mean": [
    -810.1938866090238,
    199.52574855504412,
    -65.07584616414617,
    -17.236430684636147,
    -31.742606872387146,
    -34.42893681472607,
    -29.23957190352879,
    -19.306958959343728,
    -27.144258619158457,
    -24.21344638781601,
    -22.282053090213388,
    -21.305687919359528,
    -11.887766490893418,
    64.00449438202247,
    0.04777608270223221,
    0.2340718044407582,
    672.2714404845506,
    0.11669606898827584
  ],
  "std": [
    97.32335526931315,
    50.81185316681797,
    47.69607991597546,
    18.03339135133691,
    17.486643954521394,
    15.177630767521823,
    20.876709404065267,
    13.652386421928648,
    17.593598361782565,
    13.294654600816806,
    14.957598102042152,
    16.647707810495874,
    12.460443003973527,
    0.26812294360943,
    0.021178467280756928,
    0.1197313546607142,
    418.3052508217263,
    0.14792959754484064
  ]
}