{
  "mean": [
    81.1692444666337,
    62.152992524530845,
    25.00887239147485,
    -0.7645813562685563,
    -9.149048654012649,
    -10.456183574432536,
    -12.209929722098382,
    -13.570288405567485,
    -12.8213079344358,
    -11.495438933275658,
    -10.98195721427348,
    -10.778601680553512,
    -10.154230123563966,
    64,
    42.85162180931474,
    9324.246334310852,
    0,
    0,
    0,
    0,
    1.6283947230192743
  ],
  "std": [
    17.498176644230817,
    10.229970663334063,
    8.206312436942943,
    9.3169141433945,
    7.100753593145381,
    5.004315814881755,
    3.8112193263703995,
    4.601996161184962,
    5.615104075015302,
    5.924747400938637,
    6.489061733671407,
    5.4555265177636585,
    5.029209430060991,
    0,
    12.631359822555149,
    3581.7294351179294,
    0,
    0,
    0,
    0,
    0.48136185123799263
  ]
}