{
  "mean": [
    -811.6020555033115,
    199.2137594244215,
    -18.60554150522491,
    1.6867711424337002,
    -20.826630010487122,
    -16.777951022646555,
    -17.59393000300529,
    -11.320130991680632,
    -14.131667440830435,
    -9.859659481911994,
    -7.219847934432481,
    -6.6249391255947785,
    -9.018912324002741,
    61.080864197530865,
    0.04985969569760187,
    0.2724094957831496,
    654.5898799189815,
    0.11026701078036902
  ],
  "std": [
    100.61128213259182,
    75.98345516026791,
    70.39255460369075,
    28.545484341785112,
    23.34425043317613,
    17.524588668241055,
    17.777773031007246,
    18.500064331146607,
    19.223793650822333,
    18.021867693961585,
    19.512368403469914,
    20.99429802194014,
    22.19052172345417,
    9.90696662609297,
    0.02364925598534619,
    0.16269819097180904,
    524.308873379087,
    0.14223869586881152
  ]
}